Name,Ethnicity,Political Stance,Affiliation Quotes,Importance Rank,Description
Peyami Bey,Turk,Nationalist,"ben Sakarya'da bacaklarını kaybetmiş, kafasından vurulmuş bir askerim. | Ben de, ben de senin için, İzmir için her azam kopuncaya kadar vuruşacağım. | Ayşe ""İzmir Kızı"" unvanını aldığı meşhur günden bir hafta sonra, annem beni ve İhsan'ı yakalamış, bu meseleyi açmıştı. | Ben de tamamen onlarla beraberdim. | Peyami de sizin gibi çarpışmaya, İzmir'i kurtarmaya geldi. | Hiç olmazsa beni de ebediyyen Hâriciyye'nin silik bir kâtibi görmesin. Beni de er ve mert olarak tanısın. | Göreceksin Peyami, bu halkı kendi memleketine sahip edecek yine bizim yaratacağımız ordu olacak. | Seni Eskişehir'e göndereceğim. Fakat bana namusun üzerine bir yemin vereceksin. — Nedir İhsan? | Eskişehir'e trenden inen kolu sargılı adam benim, değil mi? | Bütün varlığımla ileriye atılıyorum, mutlak cepheye gitmek istiyorum. | Beni kolordu emrine veren kâğıtla dörtnala gidiyordum. | her azam parçalanıncaya kadar İzmir için dövüşeceğime yemin ettim. | İhtiyat Mülâzımı Peyami Efendi'nin evrakındaki isimleri tetkik ettim.",5,"The narrator of the novel, a former Foreign Ministry official who later joins the nationalist struggle and loses his legs at Sakarya. | The narrator of the chapter who supports Cemal and Ayşe, harboring deep-seated anger against the occupation and a rising desire to fight. | The narrator of the novel, a Turkish intellectual and officer who is deeply involved in the national cause and silently observes the dynamics between Ayşe and İhsan. | The narrator of the story, who suffers from a severe bout of typhus during the British occupation of Istanbul, and later joins Ayşe and Seyfi on their escape to Anatolia. | The narrator of the story, traveling with Ayşe and Seyfi through Anatolia to join the nationalist struggle in Izmir. | The narrator of the chapter, a former foreign ministry clerk who seeks to prove his courage and worth to Ayşe on the battlefields of Anatolia. | The narrator of the chapter who coordinates ammunition transport and gets caught in the tragic conflict involving Kezban and Mehmet Çavuş. | The narrator of the story, who experiences a terrifying nightmare-like ambush in a sub-district near Konya and is left deeply traumatized. | The narrator of the story, who has a wounded arm and is transitioning from a desk job to active duty. | The narrator of the chapter, a reserve officer and translator/photographer who eagerly travels to the Sakarya front. | The narrator of the chapter, a Turkish intelligence officer who has been transferred to the army corps and is traveling to the front. | The narrator of the novel, a disabled officer deeply in love with Ayşe, who serves as İhsan's aide-de-camp and undergoes leg amputation surgery. | A reserve lieutenant who dies from a bullet wound to his brain, whose recorded memories are analyzed by his doctors."
İhsan,Turk,Nationalist,"Üçüncü Ordu'dan, Cemal! | Her azamız kopuncaya kadar İzmir yolunda kılıcımızı kınına koymayacağız. | İhsan bu işi daha asker gözüyle görüyor. — Ancak bunu muntazam bir ordu halleder, diyor. | Seyfi beni Adapazarı civarında dolaşan İhsan'ın yanına bırakır. | İhsan, genç Binbaşı, iki süvarisi ile toz içinde yanmış, yavuzlaşmış, nazik yüzü tamamen hakikatin, korkunç mukavemetin tunç kalıbını almış. | İhsan, Ayşe gittikten sonra hayli suratsız ve sessiz oldu. Fakat faaliyetinde daha kadir, daha korkunç bir reisin tahakkümü vardı. | Ben de ceb-hâneyi haber vermek üzere İhsan'ın karargâhına gidecektim. | İhsan kuvvetleriyle ismini hatırlayamadığım bir nahiye merkezine yakınız. | hele içeri gir bakayım, İhsan ne yapıyor? | Ben, demir gibi şeref ve haysiyete bağlı asker, utanmadan itiraf ederim ki, o bir gün bana ""Muhârebeden kaç!"" diyeydi, beş dakika sonra beynimi kendi elimle parçalamak şartıyla o söyledi diye hatt-ı harbi terk ederdim. | Biz merkezden hücum edeceğiz. İlk ateşte biziz Peyami... | İhsan isminde alay kumandanı yok.",5,"An elegant yet heroic Turkish officer from Istanbul who served in the Third Army, sharing a close bond with Peyami and Cemal. | A patriotic Turkish officer and friend of Peyami who assists Ayşe and Cemal, showing intense dedication to the nationalist cause. | A nationalist military officer who is profoundly in love with Ayşe and is preparing to leave for Adapazarı to coordinate the resistance movement. | Peyami's friend and comrade who is active in Adapazarı, whom Ayşe and the others plan to join. | A young, determined Nationalist major leading local resistance forces who holds deep respect and a hidden passion for Ayşe. | The severe and demanding nationalist commander who puts Peyami through rigorous training and sends him on a dangerous ammunition retrieval mission. | The commander of the local nationalist military unit who tries to balance formal military order with irregular volunteers. | A courageous nationalist commander who leads his force to quell the Konya rebellion, survives an ambush, and exacts heavy punishment on the rebels. | A military commander and close friend of Peyami and Cemal who is actively involved in putting down internal rebellions. | The outgoing Chief of Staff of the Corps who requests to command an active regiment to be closer to the fire, tortured by his overwhelming obsession with Ayşe. | A brave regiment commander deeply in love with Ayşe, who heroically leads his men to capture Karadağ and is mortally wounded during the battle. | A regimental commander mentioned in Peyami's papers who apparently does not exist in active military records."
Ayşe,Turk,Nationalist,"Adı Ayşe olan İzmirli bir kız. | İngilizler aflarını talep edenlere versinler Mösyö, affı zalimler değil, mazlumlar verir. Çanakkale'de dövüşürken ne asi ne esirdik. Namuslu bir millet gibi dövüştük, öldük, öldürdük. | Ayşe, halk ihtilâline ümidini bağlamıştır. Dağlarda dövüşen efelerini, genç İzmirlileri çok seviyor. | Ayşe'nin, Türk'ün zalimlerine isyan etmiş bir kadın olduğunu, İzmir felâketini anlattım. | Ayşe İzmir mücadelesinin mukaddes bir alâmeti oluyordu. | Ayşe'nin gidişi bende garip bir hürriyet hissi uyandırdı. Anladım ki hakikat Anadolu'ya yalnız Ayşe'nin yanında bulunmak, ona bir nevi ağabeylik, bekçilik vazifesi etmek için gelmedim. | Söğütlerin gölgesi arasından Ayşe'nin küçük hastahanesi görününce kalbim birdenbire atmaya başladı. | hâlâ harb eden Ayşe Çavuş | Bu hâdiseden Ayşe Hanım'a bahsetmeyeceksin. | Ayşe'yi beyaz önlüğü, siyah baş örtüsüyle hastahane kapısında buldum. | onun sandalyesinin etrafında yemin edenlerin ister şehit, ister gazi, öyle şiirli ve yaldızlı kahramanlık destanları oldu ki... | İzmir'e girdikten ve Akdeniz'in kıyılarında yeşil İzmir için akan kanları tesit ettikten sonra istediğin zaman seninle evlenirim. | Yunanlılar hakikat ricat ediyorlar, değil mi Peyami? | Ayşe isimli bir hemşire hiçbir kolordu seyyarında çalışmamış",5,"Cemal's sister and Peyami's cousin, who married Mukbil Bey and lives in Izmir. | A Turkish woman from Izmir who fled to Istanbul after her husband and child were killed by Greek forces, becoming a symbol of the national tragedy. | Known as the ""Girl of Izmir,"" she moves to a simple two-room house in Gedikpaşa, making a living by knitting and giving lessons while remaining dedicated to the Nationalist resistance. | A strong-willed Turkish woman from Izmir who acts as a liaison for the national resistance in Istanbul and later escapes to Anatolia with Peyami and Seyfi. | A resilient, green-eyed Turkish woman fleeing British occupation; she is seen as a holy symbol of the struggle for Izmir. | Peyami's cousin whose departure to the front lines serves as his emotional and heroic catalyst, though she is physically absent in this chapter. | A nurse running a local field hospital, loved by İhsan and Peyami, whose presence is strongly felt despite her absence. | An active female nationalist combatant mentioned by Mehmet Çavuş. | İhsan's beloved, whom he desperately wishes to protect from hearing about his terrifying ordeal and near-death experience. | Peyami's green-eyed cousin and nurse who serves in the military hospitals and writes letters about her experiences. | The narrator's beloved, who remains a central figure in his thoughts and motivation as he faces the Sakarya campaign. | A quiet and determined Turkish nurse from Izmir whose beauty and dedication to the national struggle inspire deep, obsessive love in İhsan and others. | A patriotic nurse from Izmir who works tirelessly caring for wounded soldiers and is tragically killed by shellfire while bandaging a soldier. | A nurse mentioned in Peyami's files who cannot be traced in any of the active mobile corps hospitals."
Kezban,Turk,Nationalist,"Gitmicam, gitmicam! Tüfeng atamam mı, elin şehrinden karılar gelir de ben gelip bir iş tutamam mı, diyordu. | Babasını öldüren ve kendini aç, çıplak bırakan gâvurlarla artık o da dövüşmek istiyordu. | Kezban'ı Mehmet Çavuş belinden yakalayıp ıssız ovalara kaçtığı karanlık geceden sonra onları bir daha gördüm mü? | O küçük Kezban'dan haber aldınız mı? Zavallı çocuk acaba ne oldu?",5,"A young, green-eyed orphaned village girl who is fiercely attached to İhsan and desperately begs to join the armed struggle. | A young village girl who wants to join the nationalist fighters to avenge her father, deeply infatuated with Commander İhsan. | A green-eyed village girl who was abducted by Mehmet Çavuş and is discussed as having vanished into the darkness. | A poor young girl whom Ayşe and İhsan ask about, whose fate remains unknown."
Binbaşı Cemal,Turk,Nationalist,"Cemal, annemin amcasının oğludur. Harbi Umumî'de zâbitti. Dünyayı dolaştı. | İzmir'in işgalini evvelâ Cemal haber aldı. Şayanı hayret bir metanet gösteriyordu. İki gün namütenahi propaganda cemiyetlerine devam etti | Cemal başta olarak on zâbit ceplerinde yüzer lira ile meçhule, ölüme gittiler. | Cemal de İzmir'den Adapazarı'na gelmiş diyorlar. | Ayşe'nin, Binbaşı Cemal'in kardeşi olduğunu, İngilizlerden kaçtığını söylemek mecburiyetinde kaldık. | Hatta kardeşi Cemal'in yaralarından, harb menakıbından ihtilâl sergüzeştlerinden bahsederken sesinde titreyen kardeşten ziyâde kadın gururu benden de bahsederken hâsıl olsun. | Cemal nerede? --- Burada, akşamları Tadia'da beraber yemek yiyoruz. | Karahisar'da olan Cemal ne zaman Ankara'ya gelmiş ve ne zaman Ayşe'yi getirmişti | Cemal hıçkırıyor ve beni kolları arasında sıkıyor | Cemal isminde şehit olan bir dayızadesi var.",4,"Peyami's cousin, a passionate and battle-hardened World War I veteran officer who strongly supports the national movement. | Ayşe's brother/relative who is deeply affected by the occupation of Izmir and works tirelessly in nationalist propaganda societies. | Ayşe's brother and a nationalist officer who, along with his companions, leaves Istanbul for Anatolia to join the fight. | Ayşe's relative (brother) who is mentioned as having arrived in Adapazarı from Izmir to join the resistance. | Ayşe's brother, a Turkish military major currently located in Eskişehir whom the group plans to meet. | Ayşe's brother, a nationalist fighter whose battle wounds and revolutionary stories are proudly spoken of by Ayşe. | Ayşe's brother and military officer who escaped Greek imprisonment and seeks to join the Nationalist forces. | Ayşe's cheerful brother and İhsan's close military comrade, whose energetic presence and jokes inadvertently provoke İhsan's romantic anxieties. | Ayşe's brother and a regiment commander who participates in the Karadağ offensive and is devastated by the deaths of Ayşe and İhsan. | Peyami's cousin who was martyred in the war and whose name is found in the records."
Yüzbaşı Seyfi,Turk,Nationalist,"Seyfi isminde ateşli bir yüzbaşı hâlâ harbi kazanacağımızı iddia ediyor, hep Çanakkale'nin ve Çöl'ün harikulâde kahramanlıklarını anlatıyordu. | Biz İzmir'i almaya size yemin ettikti, bakın İstanbul'u bile kaybediyoruz... | Seyfi şikâyet etti, bana: — Mukavemet bunlarla olmaz. Yalnız ordu ile olur, diyordu. | Yalnız İstanbul'dan beraber geldiğimiz Seyfi şehit oldu.",4,"An ardent Turkish captain at the Meserret Café who passionately believes the war can still be won. | A young lieutenant who assists Ayşe in finding a safe house in Üsküdar and later plans their escape to Anatolia. | An officer traveling from Istanbul who is skeptical of irregular nationalist militias, insisting that resistance can only succeed with a regular army. | An officer who travelled from Istanbul with the main characters and was killed in action."
Ahmet Rıfkı,Turk,Nationalist,"Ahmed Rıfkı, bu Anadolu yollarında gördüğüm en güzel, en billûr yürekli çocuk. O da genç gözlerini kapayıncaya kadar Ayşe'nin en hakikî İzmir askerlerindendi. | Fakat burada Ahmed Rıfkı'nın kuvvetleri yaşamış olduğunu biliyor ve Ahmed Rıfkı'nın hayatı etrafında bütün bu havalide toplanan rivayetleri, o da öğrenmiş. | O sarı oğlan, Mülâzım Ahmed Rıfkı neden öldü? | Ah, şimdi zavallı Ahmed Rıfkı'yı nasıl hatırladım. | Ahmed Rıfkı. Tanıdın değil mi? Ona Bolşevik derlerdi.",4,"A noble and pure-hearted nationalist officer who defends Ayşe's party with extreme bravery and is tragically killed in a skirmish. | A deceased nationalist fighter whose past presence and legends are well-known in the Sarılar village region. | A deceased lieutenant whom Kezban believes died because of Ayşe. | A deceased nationalist fighter whom Ayşe remembers, who died with a red wound on his chest. | A fair-complexioned, blond lieutenant known as the 'Bolshevik' who led a Laz detachment and was tragically killed by Circassians near Hendek."
Mehmet Çavuş,Turk,Nationalist,"Onda bütün gâvurların, Türk'ün canına kast ettiklerine dair kazılmaz bir kanaat vardı. Bir de Bulgarları yegâne imtisâle lâyık bilirdi. | Mehmet Çavuş'la uzun bir münakaşadan sonra ceb-hâneyi Sarılar Köyü'nün arkasındaki ağıla yığmaya karar verdik. | Mehmet Çavuş'un da Türk-Çerkes karışık, hilâfet ordusu namına icra-yı şekavet eden Hamza Bey çetesine iltihak ettiği söyleniyor.",4,"A battle-hardened Macedonian veteran and Anatolian rebel who trains Peyami in weaponry and accompanies him on the mission. | A sergeant in the irregular forces who falls obsessively in love with Kezban and grows increasingly rebellious and dangerous. | A rebel figure who joined the Caliphate-supporting gang of Hamza Bey, orchestrated the ambush against İhsan, and was eventually executed."
Zihni Efendi,Turk,Nationalist,"Benim gideceğim şubeden Zihni Efendi isminde zayıf, Rumeli telaffuzlu, çekik gözlü çevik ve mert bir genç mülazım var.",4,"A slender, agile lieutenant with a Rumelian accent who shares a tent and converses extensively with Peyami."
Peyami'nin Annesi,Turk,Apolitical/unclear,"Annem, İzmirli zengin bir ailenin İstanbul'da büyümüş bir kızıdır; hâlâ çiftliklerinden para gelir. | Annemin gözleri kırmızı, karşısında İhsan, ölü bekler gibi oturuyorlardı. | serbest serbest konuşuyor, bir daha kan sergüzeştine milleti atacak hiçbir şeye taraftar olmadığını, ihtiyarlığında evi ve şahsı etrafında velvele istemediğini söylüyordu. | Annemin öyle bir hâli vardı ki, 'Bütün felâketlere siz sebep oldunuz, sizi sivri kafalı gençler!' diyor gibiydi.",3,"Peyami's wealthy, Europeanized mother living in Şişli, who hosts high-society gatherings and initially opposed Peyami's involvement in the struggle. | Peyami's mother, who feels deeply for Cemal and Ayşe, welcoming Ayşe warmly into her home. | Peyami's mother, who fears British surveillance and potential arrest of her son, leading her to push Ayşe to move out of her house. | Peyami's mother who cares for him during his severe illness and blames the younger generation's political actions for the misfortunes."
Yüzbaşı Salim,Turk,Nationalist,"Beğim, Beğim, onlar şehit oldu. Ne mutlu, ağlama, diyor. | Meserret Kırâathânesi'nde tanıdığım genç, toparlak yüzlü üç yüzbaşı, Hayri, Salim ve Ahmed Selim bize iltihak ettiler. | Bugün dışarıda müthiş bir soğuk var, mevcut olmayan ayaklarım donuyor gibi, parmaklarımın ucu bir türlü ısınmıyor; Salim'e ellerimi, kollarımı ovduruyorum. | Neferim Salim de aynı benim gibi onları dinliyor. Onun ruhu benden fazla havadan iyi ve kötü haberleri seziyor. | Bu sabah her şeyi Salim'e vasiyet ettim.",3,"Peyami's loyal personal orderly (nefer) at Cebeci Hospital who takes care of him with maternal devotion. | A young Turkish captain who meets up with the main characters after the rally, showing solidarity with Ayşe. | The narrator's servant or helper who rubs his freezing hands and arms to warm him up. | Peyami's private soldier/orderly who serves coffee and gauges the progress of the war through songs. | A person whom Peyami leaves his last will to, requesting to be buried at the feet of Ayşe and İhsan."
Salime Hanım,Turk,Collaborator,"Sizin Paşanızın sakalından tutup, direğe bağlayıp diri diri yakacağız, sizin beylerin azalarını birer birer koparacağız, hele sizin Paşa yok mu, ağzına kurşun akıtacağız. | Mister Cook, biz harb istemedik. İngiliz dostluğunu elde etmek için her fedakârlığa razıyız. | Salime Hanım bir İngiliz römorkörüyle gelmez mi?",3,"An influential, anti-Unionist socialite in Şişli who aggressively coordinates political propaganda circles. | A proud, wealthy Turkish socialite who advocates for seeking the sympathy and protection of the British. | A wealthy pro-occupation Istanbul socialite who associates closely with the British forces."
Mister Cook,Foreigner,Occupation supporter,"Nafile Madam, İngiltere sizleri affetmeyecektir. Çanakkale'de altmış bin İngiliz öldürdünüz, diyordu. | Sizin ürküttüğünüz Mister Cook'a Hükûmet iki bin lira vermiş, bu sırf bizim aleyhimizde yazmaması için hakkısükût. | Mister Cook'un çıplak başı, uzun bıyıkları, sarı kocaman dişleri meydanda, küçük gözleri kan içinde bana baktı.",3,"An arrogant British correspondent who represents the occupying attitude, patronizing the Turks and insisting on British supremacy. | A foreign journalist who receives money from the Istanbul government to silence his anti-nationalist reporting. | An English authority figure who appears in Peyami's feverish hallucinations as a menacing oppressor during the occupation."
Miralay Haşmet Bey,Turk,Nationalist,"Affedersiniz, hanımefendi, harbde memleketini müdafaa eden, dövüşen yalnız İttihâdcılar değildi, dedi. | Haşmet Bey herhalde millî hareketin mühim olmasa bile faal bir uzvu idi... | Dün akşam Haşmet Bey'in gelip geçmesi mevzû-i bahsmiş. | Haşmet Bey elinde kamçısı giriyor, askerî başı yine eski gördüğümüz gibi, fakat biraz şakakları ağarmış ve yüzü tamamıyla tunçlaşmış; | Sakarya'nın ötesinde bacaklarımla gövdemi top ayırdığı günlerde, Ayşe'siz ve boş seyyarda yatarken Haşmet Bey kulağıma eğildi: — Senin bacaklarını Gökçepınar Mezarlığı'na gömdüreyim, dedi | Haşmet Bey! | Yarın Haşmet Bey'in fırkası da, Cemal de mutlak harbedecekler.",3,"A dignified Turkish colonel who defends the honor of Turkish soldiers during the war and pledges his sword to Ayşe. | An experienced, strong-willed colonel of the Ottoman military who is an active member of the Nationalist movement and visits Ayşe. | A military officer whom Ayşe hopes to spot among the crowds and who is later mentioned as preparing to cross to Anatolia. | A division commander who supports Cemal and Ayşe, eventually taking Ayşe to the front lines. | A Turkish figure who comforted Peyami after his legs were severed on the road to Izmir. | A division commander and İhsan's close associate; his wounded arm is massaged by Ayşe, sparking intense, murderous jealousy in İhsan. | A division commander who leads his forces in the battle and is later seen paying his respects at the graves of Ayşe and İhsan."
Sebzeci Zeynep Kadın,Turk,Apolitical/unclear,Mahallede yegâne tanıdığı sebzevatçı Zeyneb kadın. | Bî-çâre kadın hep Anadolu'daki Paşa'nın gelip İstanbul'u kurtaracağını söylüyordu.,3,"A local female vegetable vendor who is Ayşe's only acquaintance in her new neighborhood in Gedikpaşa. | A vegetable vendor who lives with Ayşe, supports the Nationalist movement, and helps deliver Ayşe's letters to Peyami."
Hademe Ahmet Ağa,Turk,Nationalist,"Onun ne kadar gâvur düşmanı, nasıl Erzurum'da Ruslarla gelen Ermenilerin bütün Erzurum'da kendi çocuklarını, karısını öldürdükten sonra Türk'ün ocaklarını söndüren Ermenileri mazlum bir millet diye gösteren Avrupa'ya gayzını bilirdim.",3,A loyal office servant at the Ministry of Foreign Affairs who hates the occupiers and helps Peyami find Ayşe.
Kalpaklı Genç ve Küçük Zabit,Turk,Nationalist,"Öndeki, başında kalpağını muhafaza eden genç ve küçük bir zâbitti.",3,"A small, young officer wearing a kalpak and speaking with a clear Trabzon accent who rides up to welcome Ayşe's party."
Saffet Bey,Turk,Nationalist,"Ta ilk zamanlardan beri o havalide İstanbul milliyetçilerini kaçıran ve çalışan Yüzbaşı Saffet isminde bir genç zâbit vardı. | Saffet Bey'i odanın ışığında gördüm. Uzun siyah kalpağı, kahverengi av kostümü, aynı renkte gömleğinin üstündeki kırmızı boyun bağıyla hiç de dağ başında ihtilâl çetesi idare eden bir adama benzemiyordu.",3,"A young officer in the Kandıra region who smuggles nationalists and knows the secret location of a hidden cache of ammunition. | The elegant and fearless nationalist officer physically met by Peyami in the Circassian village, who manages the ammunition transports."
Muhsin Bey,Turk,Nationalist,"Götür Muhsin Bey'e yazdırt. | Muhsin Bey buna şiddetle aleyhtar: 'Bugün kuzu gibi olan köylüleri yarın bir kasırga gibi Konya'dan geçen ihtilâl sıtması tutabilir,' diyor. | Alay'ın yâveri Mülâzım Muhsin Bey muvazzaf bir zâbit. | Peyami, Muhsin yaralandı.",3,"A nationalist officer in charge of registering volunteers for the militia. | A cautious nationalist officer who warns İhsan against trusting the villagers and later leads the cavalry rescue party. | The loyal adjutant of the regiment who has a protective attitude toward Peyami during the preparations for the advance. | The adjutant Muhsin, extracted separately to preserve original textual phrasing where he is mentioned by name during the climb to the ridge of Karadağ."
Çerkes Kıyafetli Çocuk,Turk,Nationalist,"On beş, on altı yaşında kadar Çerkes kostümlü ince, güzel bir çocuk 'Zâbit, zâbit!' diye bağırıyormuş.",3,A beautiful 15-16 year old child in Circassian clothes—implicitly Kezban in disguise—who ran for six hours to warn the nationalist forces about the ambush.
Başkumandan,Turk,Nationalist,Karşımdaki biraz yüksek köy binasında Başkumandan varmış. Penceresinden mavimtırak bir ışık parlıyor...,3,"The Commander-in-Chief of the Turkish forces, described as working relentlessly on his maps, never sleeping."
Birinci Doktor,Turk,Apolitical/unclear,İhtiyat Mülâzımı Peyami Efendi'nin evrakındaki isimleri tetkik ettim.,3,One of the two doctors walking down from Cebeci Hospital who discusses the medical records of the deceased Peyami.
İkinci Doktor,Turk,Apolitical/unclear,Ne çıktı?,3,The second doctor who engages in a debate about Peyami's condition and the medical naming of his experience.
Katina,Greek,Apolitical/unclear,Ben çıngırağı çaldım; Katina'ya bir kahve ısmarladım; | Bir gün Katina'yı çağırdım.,2,The domestic servant in Peyami's household who serves coffee and announces guests. | A Greek servant or helper whom Peyami sends with money to summon Ahmed Ağa from the Ministry of Foreign Affairs.
Doktor,Turk,Apolitical/unclear,"Doktor ne dedi? Başımdaki kurşun bende hayalât yapıyormuş. | Doktor bana fazla heyecan vermemek için hiç tarzı işgalden, İstanbul'da olandan bitenden bahsetmiyordu. | Hastalar doktora bırakılıyor, fazla araba ile arkamızdan hemen nakilleri için emir veriliyordu. | Bana sargılarla doktoru gönderin. | Bu sabah doktor geldi. Yanımda uzun oturdu, konuştu.",2,The medical doctor treating Peyami at the Cebeci Hospital in Ankara. | The physician who treats Peyami's typhus and gently informs him of the British occupation of Istanbul. | The medical professional in the village to whom the wounded patients are handed over. | A military medical officer summoned to dress Peyami's bullet wound. | A doctor who visits Peyami in the morning to discuss his upcoming surgery.
Mukbil Bey,Turk,Apolitical/unclear,"babamın akrabalarından Mukbil Bey isminde bir adamla evlendiğini | Peyami, dedi, Mukbil Bey'i Yunanlılar parçalamış, oğlu Hasan'a bir kurşun isabet etmiş, ölmüş. | belki kendi için ölen Mukbil Bey'in silik yüzü Ayşe'de aşk uyandırmamış olduğunu anlıyordum.",2,"A relative of Peyami's father who retired from foreign service to run a farm and trade in Izmir. | Ayşe's husband who was brutally killed by invading Greek forces at his estate in Izmir. | Ayşe's deceased husband who died in the struggle but, according to İhsan, did not successfully win her passionate love."
Anadolu Neferi,Turk,Nationalist,"paçaları lime lime yarım kunduralı, göğsünde harb madalyasının yırtık bir kordelâsı, uzun heyulâ gibi bir Anadolu neferi...",2,"A gaunt, decorated Anatolian veteran of the Great War who silently shares a moment of deep grief with Cemal and İhsan."
Mehmet Emin Bey,Turk,Nationalist,"Yalnız Mehmet Emin Bey'in beyaz başını, millî bir aziz gibi, bir evliya gibi seçtim.",2,A nationalist Turkish intellectual and public figure seen speaking on the pulpit during the Sultanahmed rally.
Yaralı Türk Askerleri,Turk,Nationalist,"Bunların hep malûl asker olduklarını, kiminin tek bacaklı, koltuk değnekli, kiminin bir kolu kesik, kiminin iki gözü kapanmış topal bir arkadaşa tutunarak yürüdüklerini gördüm.",2,"A contingent of disabled veteran soldiers who attend the Sultanahmed protest, moving the crowd with their solemn presence."
Yüzbaşı Hayri,Turk,Nationalist,"Meserret Kırâathânesi'nde tanıdığım genç, toparlak yüzlü üç yüzbaşı, Hayri, Salim ve Ahmed Selim bize iltihak ettiler. | Ahmed Selim ile Hayri... Hani şu bizim Meserret Kırâathânesi arkadaşlarından iki yüzbaşı.",2,"A young, round-faced Turkish captain who joins Peyami, Cemal, and Ayşe after the Sultanahmed rally. | A wounded captain from the narrator's pre-war circle, mentioned alongside Ahmed Selim."
Yüzbaşı Ahmet Selim,Turk,Nationalist,"Meserret Kırâathânesi'nde tanıdığım genç, toparlak yüzlü üç yüzbaşı, Hayri, Salim ve Ahmed Selim bize iltihak ettiler. | Ahmed Selim ile Hayri... Hani şu bizim Meserret Kırâathânesi arkadaşlarından iki yüzbaşı.",2,"A young Turkish captain who meets the group and pays his respects to Ayşe, deeply moved by her tragedy. | A Turkish captain and former companion of the narrator from the Meserret Coffeehouse, seen lying wounded in the head in the Haymana Mosque."
Wilson İlkelerinden Bahseden Paşa,Turk,Ottoman loyalist,"bir paşa ""Wilson Prensipleri""nden bahsediyor",2,An Ottoman political figure who discusses the Wilson Principles during the gathering at Salime Hanım's house.
İhtiyar Sabri Paşa,Turk,Nationalist,"Miralay Haşmet Bey ve ihtiyar Sabri Paşa da dahil olduğu hâlde, İzmir Kızı'na kılıçlarını vakf ediyorlardı.",2,An elderly Ottoman general who joins Colonel Haşmet in dedicating his loyalty and sword to Ayşe and the liberation of Izmir.
Zabit Arkadaşlar,Turk,Nationalist,Zâbit arkadaşların hepsinde İzmir'e gitmek için bir humma başlamıştı.,2,A group of Turkish military officers in Istanbul who are eager to depart for Izmir to fight.
Yemin Eden Askerler,Turk,Nationalist,"Ayşe, İhsan'ı askerlerin yemin ettiği günden sonra ilk defa olarak görüyordu.",2,The soldiers who previously took an oath to liberate Izmir and have now departed for the front.
On Zabit,Turk,Nationalist,"Cemal başta olarak on zâbit ceplerinde yüzer lira ile meçhule, ölüme gittiler.",2,A group of ten nationalist officers who left Istanbul with little money to join the resistance.
Cemal'in Arkadaşları,Turk,Nationalist,Cemal'in arkadaşlarının mücadelesiyle meşgul.,2,The nationalist comrades of Cemal who correspond with Ayşe and fight in Anatolia.
Efeler,Turk,Nationalist,"Dağlarda dövüşen efelerini, genç İzmirlileri çok seviyor.",2,The irregular Turkish fighters (Zeybeks) waging a guerrilla struggle against the occupation in the mountains.
Genç İzmirliler,Turk,Nationalist,"Dağlarda dövüşen efelerini, genç İzmirlileri çok seviyor.",2,The patriotic youth of Izmir who have taken up arms to defend their homeland.
Halam,Turk,Collaborator,"Halam, darılma ama, bizim Pâdişâh'a benziyor. İngiliz'e uşak olmayan herkesten vazgeçmiştir.",2,"Ayşe's aunt who is very strict, keeps Ayşe at home, and shares a submissive attitude towards the British like the Sultan."
Nöbetçi,Turk,Nationalist,"Kapıda nöbetçi, İngilizlere 'yasak' demiş. | --- Posta! Kumandan Bey'in çadırına bu childla gazeteler gönderiyorum. Bırak geçsin. --- Peki efendim. | İnce bir kadın sesi, bir çocuk sesi gibi bir feryat nöbetçiyi uyandırmış. | Köyün methalinde nöbetçiye Erkânıharp Reisi'nin yerini sordum. ""Doğru git, sağa sap,"" dedi.",2,A heroic Turkish sentry who stood his ground and told the British soldiers 'forbidden' before being killed. | A guard posted at Commander İhsan's tent who allows Kezban to enter under Peyami's orders. | A nationalist soldier on guard duty who is woken up by a warning cry and brings the disguised informant to Muhsin Bey. | A military sentry posted at the entrance of the Tatar village who directs Peyami to the Chief of Staff's office.
Ermeni Tercüman,Armenian,Collaborator,"Bir Ermeni tercüman, bir küme İngiliz askerine tercümanlık ediyor.",2,An Armenian translator who mockingly assists the British soldiers in seizing Ayşe's house.
Çocuğu Kucağında Ayakta Duran Genç Kadın,Turk,Nationalist,"Bana kocasının genç bir zâbit olduğunu, çete yazılıp gittiğini, kendisinin yalnız olduğunu söyledi.",2,"A young mother evicted from her home by the British, whose husband joined the nationalist militias."
Evin Sahibinin Fedakar Genç Karısı,Turk,Nationalist,"Sahibinin, ağzı sakızlı, yüreği elmas gibi parlak, fedakâr bir genç karısı...",2,"The kind, supportive young wife of the house owner who welcomes Ayşe and Seyfi."
Nine,Turk,Nationalist,"Allahım, sen küffarı hâk-sâr eyle, diye dua ediyordu.",2,"An old, pious woman living in the safe house who prays for the defeat of the occupiers and listens to Ayşe's sorrows."
Seyfi'nin Annesi,Turk,Nationalist,"Ayşe'yi yer minderi üstünde diz çökmüş, Seyfi'nin annesine kahve pişirir buldum.",2,Seyfi's mother who lives in the safe house in Üsküdar and welcomes Ayşe.
Gündüz Çalışan Adam,Turk,Nationalist,"Gündüz arkasında gecelik entarisi, üstünde kolsuz haydarî bir aba, saçı başı karışık bir adam sebze suluyor.",2,A man who poses as a gardener by day but acts as a sentry and gatekeeper for nationalist escapees by night.
Sazlıktaki Alçak Sesli Çeteci,Muslim,Ottoman loyalist,"Karşıki sazlıkların arkasından bir tüfeğin ucu görünüyordu. Kısık bir ses haykırdı: — Yere yatın, tüfengleri beriye atın!",2,An insurgent allied with the Caliphate forces who ambushes the group from a reed bed during their river crossing.
İri Yarı Anadolu Çavuşu,Turk,Nationalist,"Bunu, bunların arasında eskiden asker iken İstanbul'dan kaçmış ve iltihak etmiş iri bir Anadolu çavuşu söylüyordu.",2,A large former soldier from Istanbul who joined the resistance but agrees with Seyfi's views about the vulnerability of irregular militias.
Mürsel Ağa,Turk,Anti-occupation,Köyün âyanından Mürsel Ağa'nın evinde misafir olmuştuk. En iyi odasını bizi açmıştı ve iki oğlu ile bize hizmet ediyordu.,2,An esteemed elder of a Kandıra village who provides warm hospitality and safe shelter to Peyami and Mehmet Çavuş.
Mürsel Ağa'nın Oğulları,Turk,Nationalist,"İki oğlu uzun, geniş ablak yüzlü, arslan başlı Anadolu delikanlılarıydı... mutlak bunların İstanbul'da askerlik ettiklerini farz ettiriyordu.",2,"Mürsel Ağa's two strong, soldierly sons who serve the travelers during their stay at their father's house."
Mürsel Ağa'nın Yamaçtaki Oğlu,Turk,Nationalist,"Bunlardan çok erken ayrılıp gittikten sonra bu çocuklardan birini yolun yanındaki yamaçta gördük. Bize mendil salladı... Saffet Bey, Kaymaz'da saklıdır, dedi.",2,One of Mürsel Ağa's sons who intercepts Peyami on the road to give vital warnings about a hostile village and reveal Saffet Bey's hidden location.
Kara Sakallı Çerkes Ev Sahibi,Muslim,Nationalist,"Siyah sakallı, çetin yüzlü Çerkes üniformalı ev sahibi bizi karşıladı.",2,"A stern-faced, black-bearded Circassian homeowner in uniform who hosts the nationalist operatives in Ikizce."
Kezban'ın Yengesi,Turk,Apolitical/unclear,"Ağaçların arasından biraz kısık ve çok gazablı bir kadın sesi haykırdı: --- Ciğerine bit düşesi zilli kine, askerlerle ne ediyon, ha!",2,Kezban's hostile aunt who beats her and overworks her in the village.
İki Sarıklı İhtiyar,Turk,Collaborator,gelen iki sarıklı ihtiyarla üç köylü ağa İhsan'a muhabbet ve emniyet telkin etmiş.,2,"Two religious elders who invite İhsan to their village under the pretense of loyalty, successfully setting up an ambush."
Üç Köy Lideri,Turk,Collaborator,gelen iki sarıklı ihtiyarla üç köylü ağa İhsan'a muhabbet ve emniyet telkin etmiş.,2,Three village notables who accompany the turbaned elders to lure İhsan's small group into the village.
Beş Süvari,Turk,Nationalist,İhsan ihtiyaten bir müfrezeyi nahiyeye yaklaştırdıktan sonra beş süvari ve bir de benimle beraber davete gidiyor.,2,The five nationalist soldiers who escort İhsan and Peyami into the village during the ambush.
Kumandan,Turk,Nationalist,"Sen Kumandan'a git Cemal, diyordu. Geçen gün geldi, hastahaneyi gezdi. | Kumandan Bey'den, Alay'ın kumandasını almak için rica ettim.",2,A military leader who visited the hospital and is described as understanding and having a noble face. | The high-ranking corps commander from whom İhsan obtains permission to take over the command of the active regiment.
Madam Tadia,Foreigner,Anti-occupation,"Her asker geçtikçe Madam Tadia pencereden bakıyor, önlüğü ile gözünü siliyor, hep ağlıyor: ""Ne kadar ana daha ağlayacak, hepsi ne güzel, neden bu kadar güzel, nasıl bu kadar güzel?"" diyor. | Beni hastahanede yer olmadığı için Madam Tadia' nın otelindeki küçük odaya naklettiler.",2,The owner of an eating establishment and hotel in Eskişehir who hosts the characters and cares for Ayşe when she is sick. | The non-Turkish owner of a hotel in Eskişehir where İhsan was sent to convalesce due to lack of space in the regular hospital.
Sıhhiye Neferi,Turk,Nationalist,"Sıhhiye neferi hakikaten müşfik bir mahlûk. Harp, yara onun şefkati ile beraber biraz da gıbtasını tahrik ediyor. | Sıhhiye neferi sesinde hıçkırıkla, fakat iftiharla, aşkla söylüyor:",2,A compassionate medical orderly in the hospital who gently carries and attends to the wounded soldiers. | A military orderly who brings Ayşe's body back to the tent and emotionally recounts how she was killed while tending to a wounded soldier.
Hüseyin Çavuş,Turk,Nationalist,Yanıbaşımdaki çavuşun bu seslere neden iştirâk etmediğini anlamak için döndüm. Hüseyin Çavuş yatağının içinde çocuk gibi büzülmüş ağlıyordu. | Bu sefer dokuz yaradan aşağı almayacağını söylüyor.,2,"A sergeant who weeps in his hospital bed over the death of a young standard-bearer from Bursa. | A wounded sergeant previously cared for by Ayşe in Eskişehir, who eagerly wishes to return to his regiment despite his injuries."
Operatör Doktor,Turk,Nationalist,"Merdiven başında doktoru gördüm. Beyaz gömleği, hatta beyaz takkesi kan içinde, alnından ter taneleri akıp duruyor...",2,The hard-working military surgeon operating on the flood of casualties in the hospital.
Sivaslı Nefer,Turk,Nationalist,Sivaslı olduğunu ve sekiz yaşında Kevser isminde kızını üç çocuğu arasında en çok sevdiğini söyledi.,2,A veteran soldier from Sivas with a broken left shoulder who talks about his beloved children and his military service.
Müdafaa-i Milliye Amiri,Turk,Nationalist,"Bu işkencemin en fazla olduğu bir gün beni, bizim âmir birdenbire çağırdı. Rumca bildiğimi, fotoğrafi yaptığımı duymuş olduğunu söyledi.",2,The head officer at the Ministry of National Defense who assigns Peyami to the Western Front.
Atlı Zabit,Turk,Nationalist,İstasyonun arkasında iki süvari ile bir atlı zâbit duruyordu. ...'inci Fırka'nın hücum tabur kumandanıymış.,2,"The assault battalion commander of a division who gives loud, sharp orders at the train station."
Şube Başamiri,Turk,Nationalist,"Şube baş âmiri Kumandan Paşa'nın yanında meşgulmüş, bizim çadırın kapısında durdum, bu esrar köyüne baktım.",2,The chief of Peyami's military division who works directly with the Commander-in-Chief and Front HQ.
Erkan-ı Harp Reisi,Turk,Nationalist,"Erkânıharp Reisi'nin nazik, biraz ince sesini sabaha kadar kumandanlarla telefonda konuşurken duyuyorum...",2,"The Chief of the General Staff, heard talking on the phone with commanders throughout the night."
Sürücüler,Turk,Nationalist,Şoförler uyumadıkları ve kumandan taşımadıkları zamanlar Xavier de Montépin'in romanını okuyorlar.,2,Anatolian drivers housed in a neighboring tent who spend their free time reading French romance novels and singing.
İsmet Paşa,Turk,Nationalist,"esmer ışıkta İsmet Paşa'nın sakin uzaklara bakan başını görüyorum, bazan Başkumandan da orada.",2,"A Turkish commander seen standing in the evening light, quietly looking into the distance near the Commander-in-Chief."
İhsan'ın Amcazadesi,Turk,Nationalist,Anadolu'ya geldiğim günden beri ilk defa olarak izinle Ankara'ya hava tebdiline gidiyordum. Tabiî olarak amcazadem mebusun evine misafir oldum.,2,"İhsan's cousin, a deputy of the parliament in Ankara, who hosted İhsan during his military leave."
İhsan'ın Amcazadesinin Küçük Kızı Sabiha,Turk,Apolitical/unclear,"Amcazademin küçük kızı Sabiha da istasyonda bir çığlık kopardı, boynuma sarıldı.",2,"The young, affectionate daughter of İhsan's cousin who embraced him at the station and whom her family hoped İhsan would marry."
Yüzbaşı Haydar Remzi,Turk,Nationalist,Şu Yüzbaşı Haydar Remzi yok mu?,2,A Turkish captain in Ankara who spotted İhsan with his young cousin in the gardens and spread rumors that they were engaged.
Kolordu Seyyarının Sertabibi,Turk,Nationalist,Haymana sahnesinden üç gün sonra seyyarın sertabibi,2,"The chief medical officer of the corps hospital, whom İhsan strictly commands to recall Nurse Ayşe from the dangerous frontlines back to the field hospital."
Alay Kumandanı Sabri,Turk,Nationalist,"...'inci Alay Kumandanı Sabri, Tabur Kumandan'ı Hayri, Ahmed Selim beyler",2,A wounded regiment commander lying at the makeshift hospital whom İhsan checks on.
Ahmet,Turk,Nationalist,"Gidiyor Ahmed, artık üç gün sonra buralar temizlenmiş olacak.",2,"A wounded Turkish soldier whom Ayşe cares for in her medical tent, reassuring him of the imminent defeat of the Greek forces."
Genç Doktor,Turk,Apolitical/unclear,Nihayet yarım saat sonra hiçbir şeye ihtiyacı kalmayacak.,2,A Turkish military doctor who operates on the wounded at the field hospital and informs Peyami about the critical condition of İhsan.
Mustafa Çavuş,Turk,Nationalist,Mustafa Çavuş biraz hastaların yanına gel.,2,A sergeant who assists Ayşe with the patients in her medical tent and helps move the wounded.
Cesur Yaralı Çavuş,Turk,Nationalist,"Kumandanın intikamı! Arkadaşlar, arkamdan gelin!",2,A blood-soaked Turkish sergeant who rallies the remaining soldiers to avenge İhsan's fall on the cliffs of Karadağ.
Hasan,Turk,Apolitical/unclear,"Fakat küçük Hasan kızamık çıkardı. | oğlu Hasan'a bir kurşun isabet etmiş, ölmüş.",1,"Ayşe's young son, who caught measles and delayed his family's travel to Istanbul. | Ayşe's young son who was shot and killed during the Greek invasion of Izmir."
İhtiyar Ermeni Kadını,Armenian,Apolitical/unclear,"Beyaz saçlı, siyah esvaplı bir ihtiyar Ermeni kadını, yarısı yaya kaldırımın, yarısı şosenin üstünde, gözleri dönmüş, yatıyordu.",1,An elderly Armenian woman who is killed or severely injured during the British air raid on Mercan.
Esmer Hamal,Turk,Apolitical/unclear,"Açık, kıllı esmer göğsü kan içinde bir hamal onun yanına düşmüştü.",1,A porter who is struck down in the street alongside the Armenian woman during the British bombardment.
Yerdeki Çocuk,Turk,Apolitical/unclear,"Yerde küçük bir kan yığını, boğuk bir çocuk hırıltısı vardı.",1,A child mortally wounded during the British air raid on Istanbul.
Sürüklenen Çocuğun Annesi,Turk,Apolitical/unclear,"Ta karşıda, yokuşun başında çocuğunun elinden tutup acele giden kadını ayakta, elleriyle başını döver buldum.",1,A mother fleeing the air raid who beats her head in grief after her child is hit.
Enver Paşa,Turk,Nationalist,Bir kısmı Enver Paşa'ya kızıyor,1,The prominent Ottoman military leader mentioned by the officers debating the war's outcome in the café.
Ali Kemal Bey,Turk,Collaborator,Ali Kemal Bey'in makalelerini yaşayan Salime Hanım'la,1,"A controversial journalist and politician of the period, mentioned as the intellectual source for Salime Hanım's views."
Alman İmparatoru,Foreigner,Apolitical/unclear,Alman İmparatoru gelse sigaramın verdiği sükûnu bozamaz.,1,"The German Kaiser, mentioned casually by Peyami to emphasize his state of calm indifference."
Fatma,Turk,Apolitical/unclear,"Sen bacaklarını kaybetsen, Fatman seni daha çok sever mi?",1,"Salim's beloved in his home village, mentioned by Peyami during a conversation about love and loss."
İzmir'den Kaçan Genç Zabit,Turk,Nationalist,"Dün, İzmir'den kaçıp gelen bir genç zâbit haber verdi.",1,A young officer who escaped from the occupied city of Izmir and brought the tragic news of Ayşe's family to Istanbul.
Hizmetçi,Turk,Apolitical/unclear,"Kimseyi, hatta annemi, hatta hizmetçiyi odaya sokmadım.",1,A household servant in Peyami's home who is distressed by the unfolding events.
Arabacı,Turk,Apolitical/unclear,İhsan arabacının kapısını açtığı bir kupayı gösterdi.,1,A carriage driver hired by İhsan to safely transport Ayşe from the harbor.
Sultanahmet'te Ağlayan Dişsiz İhtiyar,Turk,Anti-occupation,"Sultanahmed bahçesinin parmaklıklarına dayanmış [bir ihtiyar] dişsiz ağzı açık, fersiz gözlerinden, sürülmüş tarla gibi buruşan yanaklarına akan gözyaşlarıyla beraber bağıra bağıra ağlıyordu.",1,An elderly man at the Sultanahmed protest who weeps loudly over the black flags and the occupation.
Bir İki Fransız,Foreigner,Anti-occupation,"ihtilâl havasını koklayan bir iki Fransız, siyah millet bayrağının altına dün karşı karşıya dövüştükleri sakat Türk askerlerinin arasına koşmuşlardı.",1,French individuals at the rally who sympathetic to the Turkish national struggle join the wounded Turkish soldiers.
İzmir'de Öldürülen Beş Yaşındaki Çocuk,Turk,Apolitical/unclear,Sırf eğlence için beş yaşında bir çocuğa nişan alıyorlar.,1,A tragic young child in Izmir who was targeted and shot by a Greek soldier just for amusement.
İzmir'deki İtalyan Aile,Foreigner,Apolitical/unclear,"Ayşe Hanım yaralı imiş, çiftlikten, İzmir'de bir İtalyan aileye iltica etmiş.",1,A compassionate Italian family in Izmir who provided shelter to the wounded Ayşe following the Greek invasion.
Yunan Askerleri,Greek,Occupation supporter,"bir sürü Yunan askeri onu kendi kapısının önünde bağırarak, söverek parçalıyorlar. | Ah ordu bir mucize gibi çıksa da Yunan'ı mutlak halkın isyanı bir daha Anadolu'ya gelemez bir hâle koymalıdır, diyordu. | Yunan askerlerinin Madam Tadia'nın oteline hücum ettiklerini rüyamda gördüm. | Onlar da sövüyorlar, bomba ve kurşunla beraber taş, çamur atıyorlar, 'Türkos, Türkos!' diye galiz bir küfürle bağırıyorlar.",1,"The occupying Greek soldiers who committed atrocities in Izmir, including looting and killing innocent civilians. | The collective Greek army invading Anatolia. | Soldiers from the invading Greek army who appear in Ayşe's feverish dream attacking the hotel. | The enemy troops entrenched on Karadağ who shout insults and fire on the advancing Turkish forces."
Rıhtımdaki Yunan Alaycıları,Greek,Occupation supporter,"şapkalı palikaryaların kahkahalarını, alaylarını içimde katılaşan bir şeyle seyrederek bekledim.",1,Greek men at the harbor who mockingly laughed at the arriving Turkish refugees.
Ermeni ve Rum Kondüktörler,Christian,Occupation supporter,"İstanbul Türk kadınlarının Ermeni, Rum kondüktörler, Ermeni, Rum, İngiliz polisleri ve hafiyyeleri ile işkence edildiği bu tramvaya nasıl bindirecektik?",1,Non-Muslim public transport conductors in Istanbul who participated in mistreating or harassing Turkish women during the occupation.
"Ermeni, Rum ve İngiliz Polis ve Casusları",Christian,Occupation supporter,"İstanbul Türk kadınlarının Ermeni, Rum kondüktörler, Ermeni, Rum, İngiliz polisleri ve hafiyyeleri ile işkence edildiği bu tramvaya nasıl bindirecektik?",1,Security personnel and informants of minority or British background who harassed locals in occupied Istanbul.
Mülki Paşa,Turk,Apolitical/unclear,"Haşmet Bey, genç askerler, hatta o sivil paşa da dahil olduğu hâlde ona dönmüştü.",1,A civilian pasha present at Salime Hanım's gathering who looks on as Ayşe speaks.
Yağmacı Yunan Askerleri,Greek,Occupation supporter,"Her evden koltuğunda bir bohça, bir Yunan neferi çıkıyor.",1,Invading Greek soldiers in Izmir seen looting Turkish houses during the occupation.
İzmir'de Öldürülen Dürüst Adam,Turk,Anti-occupation,Haydutluğu alkışlamadığı için işte namuslu bir adamı parçalıyorlar,1,An honorable resident of Izmir who was brutally killed by Greek soldiers for refusing to applaud the invasion.
Muhabirler,Foreigner,Apolitical/unclear,"Muhabirlerle konuşmak, çay ziyâfetinde propaganda yapmak yalnız mektepliler ile Şişli hanımlarına kalmıştı.",1,Journalists in Istanbul whom the local socialites and students try to influence through propaganda.
Mektepliler,Turk,Anti-occupation,"Muhabirlerle konuşmak, çay ziyâfetinde propaganda yapmak yalnız mektepliler ile Şişli hanımlarına kalmıştı.",1,Young Turkish students in Istanbul who carry out localized propaganda activities.
Şişli Hanımları,Turk,Anti-occupation,"Muhabirlerle konuşmak, çay ziyâfetinde propaganda yapmak yalnız mektepliler ile Şişli hanımlarına kalmıştı.",1,High-society ladies from the Shishli district who participate in nationalist tea parties and propaganda.
İngilizler,Foreigner,Occupation supporter,"Evimizin İngilizler tarafından tarassut edildiği, benim tevkif edilmem lâkırdıları, Malta'ya sevk edilen İttihâdcılar annemi korkutmuştu.",1,The British occupation forces who monitor suspected nationalists in Istanbul.
Malta'ya Sevk Edilen İttihatçılar,Turk,Nationalist,Malta'ya sevk edilen İttihâdcılar annemi korkutmuştu.,1,Members of the Committee of Union and Progress who were arrested and exiled to Malta by the British.
Salime Hanım'ın Kocası,Turk,Collaborator,"Salime Hanım, kocasının dostları, bizim salonu birer birer terk etmişlerdi.",1,"The husband of Salime Hanım, whose associates used to visit the narrator's house."
Salime Hanım'ın Kocasının Dostları,Turk,Collaborator,"Salime Hanım, kocasının dostları, bizim salonu birer birer terk etmişlerdi.",1,The social circle of Salime Hanım's husband who abandoned the narrator's home as political tensions rose.
Siyah Gözlü Şehit Çocuk,Turk,Nationalist,"yeşil İzmir'in, siyah gözlü şehit çocuğun mezarının yolunda dövüşecek muhayyel ordunun bir ferdinden başka bir şey değil miydi?",1,"Ayşe's deceased child, who was killed by the Greek occupation forces, representing the tragedy of Izmir."
Yunanlılar,Greek,Occupation supporter,"Hepsi, be-tahsîs Ayşe'nin, Yunanlıların kırdığı sol elini öptüler.",1,The Greek forces occupying Izmir who broke Ayşe's left hand during the initial invasion.
İzmir Muhacirlerinin Çocukları,Turk,Apolitical/unclear,eğlenmek için İzmir muhacirlerinin çocuklarına çorap örüyor.,1,The children of refugees displaced from Izmir for whom Ayşe knits socks.
Ayşe'nin Vefat Eden Kocası,Turk,Nationalist,Kocası Harbi Umumî'de şehit olmuş dul kadın zannediyorlar.,1,"Ayşe's late husband who was martyred in World War I, which is the cover story Ayşe uses while teaching."
Ders Verdiği Evlerdeki İnsanlar,Turk,Apolitical/unclear,Ders verdiği evlerde kimse onun hakiki hüviyetini bilmiyor.,1,The families in Istanbul who hire Ayşe as a tutor but remain unaware of her true identity.
Darmadağınık Birkaç Kumandan,Turk,Anti-occupation,Fakat İstanbul'da darmadağınık hâlâ birkaç kumandan var.,1,A few isolated Ottoman commanders remaining in Istanbul under the occupation.
İhtilal Başındakiler,Turk,Nationalist,Lâzım geldiği dakika ihtilâl başındakiler de yine ordudan olacaktır...,1,The current and future military figures leading the nationalist movement.
Padişah,Turk,Ottoman loyalist,"Pâdişâh'ın oyunu anlaşılmıyordu. | Halam, darılma ama, bizim Pâdişâh'a benziyor. İngiliz'e uşak olmayan herkesten vazgeçmiştir. | Üçüncü ve en kuvvetli itikadı da Pâdişâh düşmanlığı idi. 'Artık millet işi eline alsın,' derdi.",1,"The Ottoman Sultan, whose ambiguous and deceptive policies confuse the nationalist organizers in Istanbul. | The Ottoman Sultan, mentioned critically by Ayşe for his submissive stance toward the British occupiers. | The Ottoman Sultan, mentioned as an object of deep political hostility by Mehmet Çavuş for supposedly deceiving the Turkish nation."
Filan Papaz,Christian,Collaborator,Hep filân gün filân papaz yahut filân paşa Saray'ın arka kapısından girmiş çıkmış...,1,An unnamed Christian priest rumored to be conducting secret dealings at the Palace.
Filan Paşa,Turk,Collaborator,Hep filân gün filân papaz yahut filân paşa Saray'ın arka kapısından girmiş çıkmış...,1,An unnamed Ottoman pasha rumored to be visiting the Palace in connection with collaboration schemes.
Mister Filan,Foreigner,Occupation supporter,İngiliz Sefareti kâtiplerinden Mister filân Şişli'de siyasî beyanatta bulunmuş...,1,An unnamed British Embassy clerk who made political statements in Shishli.
Moda'daki Tüccarlar,Christian,Apolitical/unclear,"Moda'da tüccarların evinde, dedi.",1,Wealthy merchants residing in Moda who employ Ayşe for private lessons.
Talebem Küçük Hanım,Turk,Apolitical/unclear,Talebem küçük hanım masa başında duramaz oldu.,1,Ayşe's young student in Moda who gets distracted when Salime Hanım arrives in an English tugboat.
İngiliz Mürebbiye,Foreigner,Apolitical/unclear,"Bu çocuğa bir İngiliz mürebbiye alsanıza, dedi.",1,"A suggested British governess for the young student in Moda, as recommended by Salime Hanım."
Zenci Fransız Askerler,Foreigner,Occupation supporter,"Birkaç zenci Fransız asker camdan bize bakıyor, kırmızı dillerini çıkarıyorlar, yumruklarını sallıyorlardı.",1,"Black colonial soldiers serving in the French occupation army, spotted in Sirkeci."
Pangaltı'daki Bazı Hanım Dostlar,Turk,Apolitical/unclear,"Pangaltı'da ineceğim. Bazı hanım dostlara veda edeceğim, dedi.",1,Social acquaintances in Pangaltı whom İhsan plans to visit to say his final goodbyes before departing.
Peyami'nin Neferi,Turk,Nationalist,Bunları defterime aldıktan sonra hepsini gözümün önünde neferime yaktıracağım.,1,A soldier under Peyami's command whom he instructs to burn Ayşe's letters.
Gökçepınar'da Yatan Şehit,Turk,Nationalist,Ta ki Gökçepınar'da yatanın yazılarına benden sonra hiçbir insan gözü bakmasın.,1,A deceased person buried in Gökçepınar whose writings Peyami wishes to protect from other people's eyes.
Göz Tabibi Esat Paşa,Turk,Anti-occupation,"Nuruosmaniye'de göz tabibi Esat Paşa'yı tahkirle, hatta gecelik ile götürdüklerini, hafif de yaralı olduğunu söyledi.",1,An ophthalmologist and notable figure who was insulted and arrested in his nightgown by the British forces.
Hamal,Turk,Anti-occupation,"Bir hamala sordum. Gözleri kan içinde, bıyıklarının telleri ayağa kalkmış, etrafına bakınıyordu.",1,A porter in the street who reveals to Ayşe with great anger that the British soldiers bayoneted the sleeping Turkish soldiers.
Anadolu'daki Paşa,Turk,Nationalist,Bî-çâre kadın hep Anadolu'daki Paşa'nın gelip İstanbul'u kurtaracağını söylüyordu.,1,"A reference to Mustafa Kemal Pasha in Anatolia, whom people expect to come and save Istanbul from occupation."
İngiliz Zabiti,Foreigner,Occupation supporter,Biri arkamdan yürüdü. Bozuk bir Fransızca ile daha bazı eşya almama müsaade edeceklerini söyledi...,1,A British officer who shows a moment of courtesy by speaking broken French to Ayşe and offering to let her take more belongings.
Hintli,Foreigner,Apolitical/unclear,İngiliz kadınına hakaret etti diye [bir] Hintli'yi İngilizler dört ayak hayvan gibi yerde yürütmüşlerdi.,1,An Indian subject mentioned as having been humiliated by the British for allegedly insulting a British woman.
Kocası (Genç Zabit),Turk,Nationalist,"Bana kocasının genç bir zâbit olduğunu, çete yazılıp gittiğini...",1,"The young officer husband of the evicted woman, who joined the nationalist resistance forces."
"Şişman, Kırmızı Yanaklı Oğlan",Turk,Apolitical/unclear,"Çocuk şişman, kırmızı yanaklı bir oğlan, gözleri simsiyah.",1,"The young child of the evicted woman, assisted by Ayşe and his mother as they take a ferry to Üsküdar."
Üsküdar'daki Amcası,Turk,Apolitical/unclear,Üsküdar'da bir amcası varmış.,1,"The uncle of the young woman with the child, living in Üsküdar."
Evin Sahibi,Turk,Nationalist,"Sahibinin, ağzı sakızlı, yüreği elmas gibi parlak, fedakâr bir genç karısı, başörtüsü temiz, iyi bir anası var.",1,The owner of the safe house in Üsküdar where Seyfi and Ayşe stay.
General Wilson,Foreigner,Occupation supporter,Sokaklar General Wilson'un 'ölüm' tehdidi ile doluymuş...,1,The British military commander in Istanbul who threatens nationalists with death.
Memleketlisi Bir Polis,Turk,Apolitical/unclear,Memleketlisi bir polis ona bazı şeyler söylemiş.,1,A policeman from Ahmed Ağa's hometown who informs him about the search for Ayşe in Üsküdar.
Mustafa Paşa,Turk,Collaborator,"Mustafa Paşa Divanı Harbi mutlak onu da idama, hiç olmazsa beş on seneye mahkûm edecekti.",1,"The head of the military tribunal (Divan-ı Harp) in occupied Istanbul, notorious for sentencing nationalists."
İki Siyah Gözlü Kadın,Turk,Apolitical/unclear,Deniz son beyaz nazlı köpüğü ile kıvrılıp giderken son defa olarak iki siyah kadın gözü düşündüm.,1,"An elderly woman with dark eyes who curses Peyami in his memory, warning him of a life of hunger and longing."
Ermeni ve Rum Çocukları,Christian,Occupation supporter,"Dün üniformasıyla bana gelirken sokaklarda Ermeni, Rum çocukları büyüklü küçüklü hücum etmişler, taşlamışlar.",1,Armenian and Greek children in occupied Istanbul who stoned Lieutenant Seyfi.
Üç Kaçacak Genç Zabit,Turk,Nationalist,Seyfi ile ve diğer üç kaçacak genç zâbitle dün akşam müzakere ettik.,1,Three young officers who plot their escape to Anatolia alongside Seyfi and Ayşe.
Yaralı Arkadaş,Turk,Nationalist,"Karşıdan bir tek kişi bîruh sazlar arasında kalmıştı, bizim arkadaşlardan birinin bacağından bir kurşun geçti.",1,A member of Ahmed Rıfkı's detachment who is shot in the leg during the reed-bed ambush and has his wound dressed by Ayşe.
Köy İmamı,Turk,Apolitical/unclear,Sabahleyin köyün imamıyla küçük cemaat onu mezarlığa götürürken...,1,The local religious leader who conducts the burial of the young officer Ahmed Rıfkı.
Kezban'ın Babası,Turk,Nationalist,"Ve her zaman Letafet Apartımanı'nda İngilizlerin öldürdüğü bir çavuşun kızı olan öksüz Kezban hakkında bize ma'lûmat verir. | Babasını öldüren ve kendini aç, çıplak bırakan gâvurlarla artık o da dövüşmek istiyordu.",1,"A Turkish sergeant killed by the British at the Letafet Apartment in Istanbul, whose death left Kezban orphaned. | Kezban's deceased father who was martyred in Istanbul during the enemy occupation."
Müfrezedeki Gençlerden Biri,Turk,Nationalist,"Hatta gençlerden biri: — Beraber alsak olmaz mı efendim, diyecek oldu.",1,A sympathetic young soldier in the unit who suggests taking Kezban along after she breaks down in tears.
İstanbullu Genç Kadın,Turk,Nationalist,Fakat geçende buradan geçenler arasından İstanbullu yirmi yaşında genç kadın kocasıyla tüfeği omzunda İzmir yolu üzerinde gülerek gitmiş.,1,"A 20-year-old woman from Istanbul who passed through the region with her husband, carrying a rifle on her shoulder to fight for Izmir."
İstanbullu Genç Kadının Kocası,Turk,Nationalist,Fakat geçende buradan geçenler arasından İstanbullu yirmi yaşında genç kadın kocasıyla tüfeği omzunda İzmir yolu üzerinde gülerek gitmiş.,1,"The husband of the 20-year-old Istanbul woman, who accompanied her on their journey to the front lines."
Ahmet Çavuş,Turk,Nationalist,Ben Ahmed Çavuş'u göndereceğim. Ayşe Hanım fazla muhafaza sevmiyor.,1,A nationalist sergeant offered by İhsan to guard and accompany Ayşe to Eskişehir.
Halife Yanlısı Türk ve Çerkes Çeteciler,Muslim,Ottoman loyalist,"Çerkes köyleri etrafında Türk, Çerkes, Rum, hatta Ermeni bir hayli eşkıya Halife ordusuna iltihak etmiş, bizim kuvvetlerle yer yer vuruşuyorlardı.",1,Pro-Caliphate local bandits of Turkish and Circassian origin who clash with the Nationalist forces around Adapazarı.
Halife Yanlısı Rum ve Ermeni Çeteciler,Christian,Ottoman loyalist,"Çerkes köyleri etrafında Türk, Çerkes, Rum, hatta Ermeni bir hayli eşkıya Halife ordusuna iltihak etmiş, bizim kuvvetlerle yer yer vuruşuyorlardı.",1,Pro-Caliphate local bandits of Greek and Armenian descent who joined the Caliphate army against the Nationalists.
Bulgar Çeteciler,Christian,Apolitical/unclear,"Bunlar arasında Rumeli dağlarında Bulgar eşkıyasıyla senelerce vuruşmuş, pişmiş...",1,Bulgarian bandits in the Rumelian mountains whom some of the Istanbul youths in the detachment had previously fought.
İstanbul Muhacirleri,Turk,Apolitical/unclear,"Bir alay isyanla, acılıkla dolu İstanbul mültecisi kadın, erkek buralardan gelip geçmişlerdi.",1,A bitter and rebellious group of female and male refugees from occupied Istanbul who passed through the local villages.
Fişeklikli Asker,Turk,Apolitical/unclear,"Bazan bir palaskalı asker, fişek kemerli, başı Laz başlıklı insanlar birer ikişer sırtların üstünde görünüp kayboluyorlardı.",1,"An armed man wearing a cartridge belt and a Laz headpiece, briefly spotted walking along the ridges."
Mustafa Kemal Paşa,Turk,Nationalist,...Mustafa Kemal Paşa ile Atina'yı zapta gideceği günkü muhayyel icraatını anlatırdı.,1,"The leader of the Turkish national resistance, mentioned by Mehmet Çavuş in his imaginary conquests of Athens."
Köroğlu,Turk,Apolitical/unclear,"Düşünüyorum ki Köroğlu, Çamlıbel'den bu akşam kalksa gelse kafası böyle olur, gözleri böyle parlar.",1,A legendary Turkish folk hero used as a physical and mythic comparison for Mehmet Çavuş's rugged appearance.
Adsız Muhacir,Muslim,Anti-occupation,Sakarya'yı geçerken Mehmet Çavuş'u bir muhacirin ot yüklü arabasının otları altına sakladık. Her yerde Rumeli köylüleri gördükleri faciaya aşina bir gözle millî kuvvetlere taraftar oldular.,1,A displaced refugee from Rumelia who assists the nationalist mission by hiding Mehmet Çavuş in his hay cart.
Kızıl Yoldaki Çerkes Adam,Muslim,Apolitical/unclear,"Solda kırmızı topraklı geniş bir yolda Çerkes kostümüyle ince belli, geniş omuzlu, bülend bir mahlûk etrafı kollayarak yavaş yavaş ilerliyordu.",1,"A tall, traditionally dressed Circassian man spotted walking cautiously down the road of a quiet village at night."
Balkondaki Çerkes Kızı,Muslim,Apolitical/unclear,...bir efsane gibi görünen beyazlı bir kız balkonun yeşil parmaklıklarına dayanmış sükût içinde uzaklara bakıyordu.,1,"An unnamed young woman in white standing on a balcony, evoking a poetic sense of brotherhood and beauty in Peyami's mind."
Kezban'ın Ağası,Turk,Nationalist,İhsan'ın kuvvetleri arasında onun da bir ağası vardı.,1,"Kezban's brother who joined İhsan's nationalist forces, leaving Kezban with her abusive aunt."
Elek Köyü'ndeki Kadın,Turk,Nationalist,"Dün Elek Köyü'ne vadımdı, bir garı bana arvatların da asker olduğunu dedi.",1,An unnamed village woman who informed Kezban that women could also serve as soldiers.
Rahime Çavuş,Turk,Nationalist,"Şehit olan Rahime Çavuş, hâlâ harb eden Ayşe Çavuş, Atiye Çavuş, hep bu kadın çavuşların askerî menâkıbını...",1,A martyred female nationalist fighter mentioned by Mehmet Çavuş as an inspirational figure.
Atiye Çavuş,Turk,Nationalist,"Atiye Çavuş, hep bu kadın çavuşların askerî menâkıbını...",1,Another female nationalist fighter mentioned by Mehmet Çavuş.
Mustafa,Turk,Nationalist,Seninle çalışan bir Mustafa vardır. Sarılar'dan kardeşi Kezban ceb-hâne arabalarına takılmış buraya gelmiş,1,Kezban's brother who works under Mehmet Çavuş's command.
Adsız Kurmay Subay,Turk,Nationalist,Ayakta bir zâbitle ceb-hânenin tevziini ve ileri sevkini konuşuyordu.,1,A military officer coordinating the transport of ammunition with Commander İhsan.
Tahsin Bey,Turk,Nationalist,ve kuvvetler Tahsin Bey'in kumandasında köye girecek.,1,A nationalist military officer who remains in charge of the main military force near the sub-district.
Hamza Bey,Turk,Ottoman loyalist,"Mehmet Çavuş'un da Türk-Çerkes karışık, hilâfet ordusu namına icra-yı şekavet eden Hamza Bey çetesine iltihak ettiği söyleniyor.",1,The leader of a mixed Turkish-Circassian gang conducting rebel activities on behalf of the Caliphate forces.
Hendeğe Düşen İki Süvari,Turk,Nationalist,iki süvarinin hendeğe atıldığını görüyorum,1,Two nationalist escorts who are immediately overwhelmed and thrown into a ditch by the village mob during the ambush.
Kalabalıkta Konuşan Birinci Köylü,Turk,Nationalist,Arslan delikanlı be! Bizim Çanakkale'de zâbitimizdi.,1,"An unnamed villager who speaks favorably of İhsan, remembering him as a heroic officer from the Battle of Gallipoli."
Kalabalıkta Konuşan İkinci Köylü,Turk,Apolitical/unclear,"O Mehmet Çavuş yok mu, hep yaptıran o.",1,A villager who whispers in the crowd that Mehmet Çavuş is the true instigator of the village's violent behavior.
Kalabalıkta Konuşan Üçüncü Köylü,Turk,Apolitical/unclear,Bizim köylü de eşek gibi be!,1,A frustrated villager who complains about the sheer stupidity and gullibility of the other villagers.
Komutanı Soran Köylü,Turk,Apolitical/unclear,Kumandanı nidecekler?,1,A curious villager in the crowd wondering what fate awaits the captured commander.
Hapishane Hakkında Cevap Veren Köylü,Turk,Apolitical/unclear,Mahpusa götürecekler.,1,A villager who answers that the captured commander is being transferred to the local prison.
Araba Yanında Konuşan Birinci Köylü,Turk,Apolitical/unclear,Herifi niçin öldürmüyorlar?,1,A villager waiting near a cart who wonders why the rebels have not executed İhsan immediately.
Araba Yanında Konuşan İkinci Köylü,Turk,Apolitical/unclear,Ne biyim ben.,1,A villager near the cart who briefly responds that he has no idea why İhsan is kept alive.
Ankara'daki Paşadan Bahseden Köylü,Turk,Apolitical/unclear,"Ankara'dan bir paşa geliyormuş diyorlar, acaba onun için bunları rehin mi tutuyorlar?",1,A villager speculating that the nationalist prisoners are being held as hostages due to rumors of an arriving Pasha from Ankara.
Ankara'daki Paşa,Turk,Nationalist,"Ankara'dan bir paşa geliyormuş diyorlar, acaba onun için bunları rehin mi tutuyorlar?",1,"A rumored nationalist military general coming from Ankara, mentioned by the villagers."
Nahiye Müdürü,Turk,Apolitical/unclear,"Nahiye müdürünü, jandarmaları boğazlamışlar da bu pis, bıyıksız oğlanı ne bırakıyorlar?",1,The local sub-district manager who was slaughtered by the rebellious mob prior to İhsan's capture.
Jandarmalar,Turk,Apolitical/unclear,"Nahiye müdürünü, jandarmaları boğazlamışlar da bu pis, bıyıksız oğlanı ne bırakıyorlar?",1,The local law enforcement officers who were murdered by the rebellious villagers.
Üç Ölü Asker,Turk,Nationalist,Bizim üç neferin cesedinin gömüldüğü yerde Mehmet Çavuş'u astık.,1,"Three nationalist soldiers killed during the ambush, near whose graves İhsan later executes Mehmet Çavuş."
Öfkeli Kalabalık Üyeleri,Turk,Collaborator,Alın aşağı! Gebertin! Boğazlayın!,1,"Various angry villagers who attack the nationalist group, shouting violent threats and demands for execution."
Hapishane Kapısındaki Köylüler,Turk,Collaborator,"Mehmet Çavuş, beş on kişiye mahbesin kapısını kırıp İhsan'ın işini tamamlamaya teşvik ediyor.",1,A small group of ten villagers outside the prison gate whom Mehmet Çavuş tries to incite into executing İhsan.
Kocaman Kafalı Esmer Nefer,Turk,Apolitical/unclear,"Kocaman kafalı esmer bir nefer sargıda olan bacağından şikâyet etti, ""Zıkın, zıkın şu bacağımı bir onar!"" diyordu.",1,A large-headed dark-skinned private in the hospital complaining about his leg which was kicked by a mule.
Aslan Başlı Esmer Çavuş,Turk,Apolitical/unclear,Hastahanede ayağından ve karnından yaralı bir esmer çavuş daha var. Başı arslana benziyor.,1,A lion-headed sergeant wounded in the leg and abdomen who keeps calling out for his sweetheart as he approaches death.
Hatice,Turk,Apolitical/unclear,"Su vermek için kaç defa başını kaldırdım, her defasında ""Haticem, Haticem!"" diyor.",1,The beloved woman whose name is repeatedly called by the dying esmer çavuş.
Sert Çavuş,Turk,Nationalist,"Yanında yarasından şikâyet eden nefer olursa tebessümsüz ve ağır sesle: --- Ulan sus, ne zırlıyorsun, askere ayıp değil mi, der.",1,An unnamed sergeant who strictly admonishes other soldiers for complaining about their wounds.
Rumelili Nefer,Turk,Nationalist,"Bir tane sarışın, uzun, haşin yüzlü bir Rumelili vardı. Şarkıya o başlıyor...",1,"A tall, fierce-looking Rumelian soldier who leads the military march with a song."
Anadolu Uşağı Sancaktar,Turk,Nationalist,Öteki gibi; Anadolu uşağı ve tablo gibi bir sıra neferin arasında.,1,"A handsome, strong-limbed Anatolian standard-bearer carrying the red Turkish flag."
Bursalı Sancaktar,Turk,Nationalist,"Bursalı, çam ağacı gibi, delikanlı bir sancaktarımız vardı. Metris Tepe'de bizim taburla beraberdi; yanı başımda sancağı kucağında çam gibi devrildi, şehit oldu...",1,"A young, pine-like standard-bearer from Bursa who fell heroically at Metris Tepe."
Seyfi'nin Karısı,Turk,Apolitical/unclear,Genç karısı yazıp bana soruyor. Nasıl cevap vereceğim?,1,"The young widow of Seyfi, who writes to Ayşe asking about her husband's fate."
Topçu Neferi,Turk,Apolitical/unclear,"Bundan sonra gelen bir topçu neferi idi. Yüzünün yukarı kısmı tamamen morarmış, çürümüş...",1,A wounded artillery private whose upper face is completely bruised and who deliriously begs not to be left in the sun.
Münhemik Zabit,Turk,Nationalist,Bir tanesini yatağına koyduktan sonra beni gözleriyle çağırdı. Eğilmemi işaret etti.,1,A dying nationalist officer who desperately attempts to communicate his last wishes to Ayşe through lip movements.
Kocaman Çocuk Yüzlü Nefer,Turk,Apolitical/unclear,Kocaman çocuk yüzlü bir nefer birdenbire hıçkırarak ağlamaya başladı:,1,A child-faced soldier who weeps because the deceased officer was entrusted to him by his mother in Istanbul.
Ölen Zabitin Annesi,Turk,Apolitical/unclear,Anasının bir tanesiydi. İstanbul'da bana emanet etti.,1,The mother of the deceased officer who had entrusted her only son to a soldier in Istanbul.
Kevser,Turk,Apolitical/unclear,Sivaslı olduğunu ve sekiz yaşında Kevser isminde kızını üç çocuğu arasında en çok sevdiğini söyledi.,1,The eight-year-old beloved daughter of the wounded soldier from Sivas.
Ankaralı Nefer,Turk,Apolitical/unclear,zavallının beyni artık kendinin değildi bu Ankaralı bir neferdi:,1,A fever-maddened soldier from Ankara who escapes his bed and begs to be sent back to Ankara.
Zavallı Genç Kadın Hizmetçiler,Turk,Apolitical/unclear,"Zavallı genç kadın hizmetçiler bu şeylerle asapları tamamen gevşemiş, başlarını duvara dayamış, ağlaşıyorlardı.",1,Young female hospital servants whose nerves are completely shattered by the horrors of the wounded soldiers.
İhsan'ın Akrabaları,Turk,Apolitical/unclear,"Orada bize hiç bahsetmediği akrabaları varmış, herhalde çok neşeli şeyler.",1,Unnamed relatives of İhsan residing in Ankara who brought joy and health back to him during his stay.
Ethem,Turk,Nationalist,Efe ve Ethem ihtilâfı eski zâbitlerden olan ihtilâlcilere bile orduda azıcık emniyetsiz bir nazar uyandırmış.,1,A historical/political rebel figure whose conflict with regular officers caused trust issues within the Nationalist ranks.
Yarasından Şikayet Eden Nefer,Turk,Apolitical/unclear,Yanında yarasından şikâyet eden nefer olursa tebessümsüz ve ağır sesle:,1,A wounded private who is scolded by a sergeant for complaining about his injuries.
Trendeki İhtiyat Zabiti,Turk,Nationalist,"Benimle beraber kompartımanda bir zâbit vekili, üç muvazzaf zâbit vardı.",1,A reserve officer who shares a train compartment with Peyami while transporting ammunition to the military.
Üç Muvazzaf Subay,Turk,Nationalist,"Benimle beraber kompartımanda bir zâbit vekili, üç muvazzaf zâbit vardı.",1,Three active duty officers traveling in the same train compartment as Peyami to the front.
İki Süvari,Turk,Nationalist,İstasyonun arkasında iki süvari ile bir atlı zâbit duruyordu.,1,Two mounted soldiers standing at the station behind the train.
Kumandan Paşa,Turk,Nationalist,Şube baş âmiri Kumandan Paşa'nın yanında meşgulmüş...,1,A military general with whom Peyami's division chief works.
Genç Yüzbaşılar ve Binbaşılar,Turk,Nationalist,"Harekâtta uzun bir masa etrafında hiç kalkmayan bir genç yüzbaşı ve binbaşı dizisi var ki, onların hiç gölgelenmeyen imanlı genç yüzlerini çok seviyorum.",1,"A group of young officers who work tirelessly at the operation tables, committed to the national cause."
Xavier de Montépin,Foreigner,Apolitical/unclear,Şoförler uyumadıkları ve kumandan taşımadıkları zamanlar Xavier de Montépin'in romanını okuyorlar.,1,A foreign French novelist whose books are popular among the drivers at the front.
Romandaki Masum Kız,Foreigner,Apolitical/unclear,"Mâsum kız, çeşmânı kebudunu melekâne bir edâ ile Arman'a refederek dilhiraş bir sada ile kelâma ağaz etti,",1,A fictional character from the Xavier de Montépin novel read aloud by the drivers.
Arman,Foreigner,Apolitical/unclear,"Mâsum kız, çeşmânı kebudunu melekâne bir edâ ile Arman'a refederek dilhiraş bir sada ile kelâma ağaz etti,",1,A fictional character from the novel read by the military drivers.
Yahya Kemal,Turk,Nationalist,"Yahya Kemal'in ""Türk atlıları"" gibi şen geçtik.",1,A famous Turkish poet whose poem 'Turkish Horsemen' is referenced by Peyami.
Asur Kralı Baltazar,Foreigner,Apolitical/unclear,Bunlar Asurîlerin kralı Baltazar'ın sarayında...,1,"The Assyrian King Belshazzar, mentioned metaphorically in relation to the burning words of war reports."
Tatar Kadın,Turk,Apolitical/unclear,"Baş örtüsünü arkasına atmış bir Tatar kadın, bir elinde süt kovası, bir elinde küçük bir mahlûk, bir ahırdan çıkıyordu.",1,A village woman carrying a milk bucket and her small child outside a stable in the Tatar village.
Tatar Kadınının Elindeki Küçük Mahluk,Turk,Apolitical/unclear,"Baş örtüsünü arkasına atmış bir Tatar kadın, bir elinde süt kovası, bir elinde küçük bir mahlûk, bir ahırdan çıkıyordu.",1,A tiny child or baby carried in the hand of the Tatar village woman.
Posta,Turk,Nationalist,"Seslendim: --- Posta, Erkânıharp Reisi nerede? --- Şu yandan efendim.",1,An orderly or sentry standing guard in front of an illuminated village house who points out İhsan's office to Peyami.
...’inci Alay Kumandanı,Turk,Nationalist,...'inci Alay'ın kumandanı şehit oldu.,1,"The previous commander of the regiment who was recently killed in battle, leaving his position vacant for İhsan to request."
Genç Zabitler,Turk,Nationalist,Sonra celb ettiği genç zâbitlere bazı emirler verdi.,1,A group of young officers summoned by İhsan to receive their final instructions before his departure.
İhsan'ın Halefi,Turk,Nationalist,Ben de evrakı yarın sabah halefime teslim edebilmek için çalışıyordum.,1,The incoming military officer who is to take over İhsan's duties as the Chief of Staff the following morning.
Gözetleme Dürbünü Siperindeki İki Haki Gölge,Turk,Nationalist,Önümüzdeki tarassut dürbününün derin siperinde iki hâkî gölge ayakta duruyordu.,1,Two khaki-clad soldiers serving as lookouts or guards inside the deep trench at the mountain observation post.
Laz Askerleri,Turk,Nationalist,On kişilik bir nim muntazam Laz kuvvetiyle bana merbuttu.,1,"A small, semi-regular detachment of ten Laz soldiers under the command of Ahmed Rıfkı."
Ahmet Rıfkı'yı Öldüren Çerkesler,Turk,Apolitical/unclear,Sonra o zavallıyı Hendek yolunda Çerkesler öldürdüğü zaman...,1,The Circassian rebels or bandits who ambushed and killed Lieutenant Ahmed Rıfkı on the Hendek road.
Ahmet Rıfkı'nın Naaşını Getiren Arkadaşları,Turk,Nationalist,arkadaşlar onu sedyenin yanında ağlayarak getirirken iki hissin tesiri altında idim.,1,Grieving fellow soldiers who carried Ahmed Rıfkı's dead body back on a stretcher while weeping.
Uzak Dağların Zirvelerindeki Arkadaşlar,Turk,Nationalist,"Telefonu aldı, bu muhtelif, ıssız, uzak dağların bize ait zirvelerindeki arkadaşlarla konuştu.",1,Turkish military personnel stationed on other remote mountain peaks whom İhsan contacts by phone from the observation post.
İhsan'ın Çadırında Tanıdığı Kızlar,Turk,Apolitical/unclear,"Ne kadar yeşil gözlü, ateşli kavî kızlar tanıdım.",1,"Passionate, green-eyed local women whom İhsan consorted with in his tent during a brief period of heavy drinking to try to extinguish his longing for Ayşe."
Eskişehir'deki Doktor,Turk,Nationalist,"Ayşe ile konuşurken, doktorun sesini dinlerken hâlâ içimden bunun bir cennet",1,"The physician who treated İhsan at the Eskişehir hospital, whose voice İhsan heard as he woke up to Ayşe's nursing."
İlk Türk Fırkası,Turk,Nationalist,İzmir'in sokaklarında boru çalarak ilk yürüyecek Türk fırkasını tahayyül ediyorduk.,1,The idealized first Turkish division expected to march triumphantly into the streets of liberated Izmir.
"İhsan'ın Amcazadesinin Şen, Güzel Kızları",Turk,Apolitical/unclear,"amcazademin şen, güzel kızlarıyla kırlarda dolaşıyor",1,The lively and attractive daughters of İhsan's cousin with whom he walked in the Ankara countryside.
İhsan'ın Kompartımandaki Genç Arkadaşları,Turk,Nationalist,Bana ve yanımdaki genç arkadaşlara üçüncüden bir kompartıman hazırlamışlardı.,1,Young Turkish travelers or officers sharing a third-class train compartment with İhsan on the journey from Ankara.
Açık Hikâye Nakleden Genç Arkadaş,Turk,Nationalist,Sincan İstasyonu'nu geçtikten sonra gençlerden biri oldukça açık bir hikâye nakletmeye başladı.,1,One of the young men on the train who begins telling a risqué or inappropriate story after passing Sincan.
Ciddi Yüzlü Arkadaş,Turk,Nationalist,Yanımda ciddî yüzlü bir arkadaş parmağını dudaklarına götürerek sükût işareti yaptı,1,A serious-looking passenger in the compartment who motions for silence out of respect for the nurse traveling next door.
Mavi Gözlü Genç Binbaşı,Turk,Nationalist,bir genç binbaşı getirdi. Galiba İzmirli imiş,1,"A blue-eyed, tall officer rumored to be from Izmir who escorted Ayşe to her train compartment."
İhsan'ın Neferi,Turk,Nationalist,Neferi Ayşe'nin kompartımanına gönderdim.,1,An orderly sent by İhsan at Mallı station to verify if the nurse in the neighboring train car is indeed Ayşe.
İstasyondaki Muhacir Çocukları,Turk,Apolitical/unclear,"İstasyonda muhacir çocukları vardı, bir tanesi...",1,Displaced refugee children at the train station whose plight brought Ayşe to tears.
İhsan'ın Arkasındaki Süvarilerden Biri,Turk,Nationalist,arkamdaki süvarilerden birine seyyarın yerini öğrenmesini,1,A cavalryman riding behind İhsan whom İhsan orders to seek out the location of the field hospital.
Çavuş,Turk,Nationalist,Çavuş odanın kapısını açınca karşımda kütükleri,1,A sergeant who opens the door of Haşmet Bey's warm headquarters to allow İhsan inside.
Sıhhiye Neferleri,Turk,Nationalist,elinde fenerlerle beyaz gömlekli sıhhiye neferleri,1,Turkish military medical orderlies who carry lanterns and attend to the wounded in the rain-swept streets of Haymana.
Haymana'daki Doktorlar,Turk,Nationalist,"emir veren, koşuşan doktorlar vardı.",1,"The medical personnel running through Haymana's muddy streets, giving hurried orders to manage the incoming stream of casualties."
Yaralı Alay ve Tabur Kumandanları,Turk,Nationalist,Bizim kolordudan birçok alay ve tabur kumandanı yaralanmıştı.,1,Turkish field officers of the corps who sustained injuries during the brutal fighting around Seyitgazi.
Sedyeciler,Turk,Nationalist,sedyeciler mütemadiyen sedye bırakıp sedye kaldırıyorlar.,1,Military stretcher-bearers working frantically to transport casualties inside the makeshift hospital set up in the Haymana Mosque.
Mihrabın Yanındaki Yaralı Nefer,Turk,Nationalist,"Zavallı, bir boğa gibi ıstırabından haykırıyor: --- Aman bacım, ayağını öpem bacım!",1,"A badly wounded Turkish private lying on his stomach in the mosque, shouting in pain as Ayşe dresses his waist wound."
Ayşe ile Pansuman Yapan Doktor,Turk,Nationalist,yüzükoyun yatan bir neferin belindeki yaraya doktorla beraber pansuman yapıyor.,1,A Turkish doctor working directly alongside Nurse Ayşe inside the crowded mosque in Haymana.
İki Gözünden Yaralı Zabit,Turk,Nationalist,Bunu ayakta iki nefere dayanmış iki gözünden yaralı bir zâbit söylüyor.,1,"An officer blinded by battle wounds, crying out in intense pain to have his dressings changed."
Gözünden Yaralı Zabite Dayanan İki Nefer,Turk,Nationalist,Bunu ayakta iki nefere dayanmış,1,Two unnamed soldiers who physically support the blinded Turkish officer as he waits for medical attention.
Kocaman Başındaki Başlığı Düzeltilen Hemşehri,Turk,Nationalist,Ayşe önündeki neferin üstüne bir battaniye çekiyor,1,A patient with a large head bandage whom Ayşe covers with a blanket and prepares to have loaded onto a transport cart.
Mülazim Selim,Turk,Nationalist,Takım Kumandanı Mülâzim Selim'de.,1,A platoon commander who took charge of Ahmed Selim's battalion after his superior was wounded.
Dışarıdan Bağıran Gür Sesli Adam,Turk,Nationalist,Camiin ötesinden gür bir ses haykırdı: --- Pansumanları daha çabuk yapmalı,1,"An authoritative voice calling from the rain outside, instructing the medical staff to work faster to clear the patients waiting in the storm."
Ayşe'nin Başında Durduğu Genç Nefer,Turk,Nationalist,Yolunun üstünde çocuk sayılacak bir genç nefer yatıyordu.,1,"A pale, silent, teenage soldier whom Ayşe briefly stops to comfort and adjust the blankets of as she runs through the mosque."
Seyyar Hastanedeki Hademe Kadın,Turk,Apolitical/unclear,seyyarın yanındaki küçük çadırdan bir hademe kadın çıktı.,1,A female hospital worker who emerges from a small tent near the field hospital and informs İhsan that Ayşe is inside.
İstanbullu Müezzin,Turk,Apolitical/unclear,"Köyün minaresinden, İstanbullu olduğuna kani olduğum bir ses hasretle, ıztırâbla dolu bir yatsı ezanı okuyordu.",1,"A religious caller whose nostalgic, emotional recitation of the night prayer moves both İhsan and Ayşe to tears."
Dev Süvari Çavuşu,Turk,Nationalist,dev vücutlu süvari çavuşu ile meşgul oldu.,1,An imposing Turkish sergeant who receives orders directly from İhsan before the start of the battle.
Bacağı Ağrıyan Yaralı Asker,Turk,Apolitical/unclear,Bacağım ufruluyor. Tohtor ne zaman gelecek?,1,An unnamed Turkish soldier in the medical tent crying out due to the severe pain in his leg.
Limon İsteyen Asker,Turk,Apolitical/unclear,"Ah bir limon iletemez misin, bacım?",1,An unnamed patient in Ayşe's tent who makes a simple plea for a lemon to soothe his pain.
Vatansever Yaralı Asker,Turk,Nationalist,"Senin için ey sancağımız, ölürüz de vermeyiz.",1,A wounded soldier expressing his enduring loyalty and readiness to die for the Turkish flag.
Ayşe'nin Yardım Ettiği Yaralı Asker,Turk,Nationalist,Sonra yolda yaralı bir neferin yarasını sararken vuruldu.,1,A wounded infantryman whom Ayşe was treating on the battlefield when she was struck and killed by shrapnel.
Andersen,Foreigner,Apolitical/unclear,Andersen'in masalında bir oyuncak teneke asker vardır.,1,"The famous Danish author Hans Christian Andersen, whose fairy tale of the Tin Soldier is referenced metaphorically by Peyami."
Longfellow,Foreigner,Apolitical/unclear,Longfellow'un bir masalını söylüyorlar.,1,"The American poet Henry Wadsworth Longfellow, referenced by Peyami in relation to the story of a young clerk and a brave soldier loving the same woman."
Cemal'in Kız Kardeşi,Turk,Apolitical/unclear,"Cemal'in bir de kız kardeşi varmış, fakat kimse ne ismini ne de ne olduğunu biliyor.",1,"Cemal's sister, whose name and current whereabouts are entirely unknown to any archives or acquaintances."
